1,-0.000001974960841123041,2460.9019232076153,0.506584767299843
1.023292992280754,-0.000002023672564255106,2522.5494266952132,0.517754995928296
1.0471285480508996,-0.000002072460997281077,2584.2617005852467,0.528924457198428
1.0715193052376064,-0.00000212119949008691,2645.8809042178814,0.5400806727835533
1.096478196143185,-0.0000021697574652039432,2707.244314558189,0.5512111372850388
1.1220184543019633,-0.0000022180012240575525,2768.1853247555555,0.5623034978370325
1.1481536214968828,-0.0000022657948981671733,2828.534626255942,0.573345649628532
1.1748975549395295,-0.0000023130012840096504,2888.121244566221,0.5843257177857663
1.202264434617413,-0.0000023594828219026905,2946.773757762583,0.595232120633558
1.2302687708123816,-0.000002405102641072203,3004.321599314736,0.6060536625970631
1.2589254117941673,-0.0000024497254122730134,3060.596119085045,0.6167794913927731
1.288249551693134,-0.0000024932176200687635,3115.43091402745,0.6269268414174735
1.3182567385564072,-0.000002535452247865474,3168.667722785017,0.637902730373189
1.3489628825916535,-0.0000025763022127482378,3220.148138908412,0.6482806868712437
1.3803842646028848,-0.000002615648639864204,3269.724032632824,0.6585240299194977
1.4125375446227544,-0.000002653377940675903,3317.253859466089,0.6686242660765765
1.4454397707459274,-0.0000026893833937152374,3362.604645819968,0.6785734961830336
1.4791083881682074,-0.0000027235656413264916,3405.6526094409282,0.6883643278003712
1.5135612484362082,-0.0000027558333652842847,3446.2840061976335,0.6979899453477962
1.5488166189124815,-0.000002786103749101206,3484.395709110683,0.7074441134342638
1.5848931924611136,-0.0000028143028827815386,3519.8957157995087,0.7167211625487948
1.62181009735893,-0.000002840365988608447,3552.70343143522,0.7258159510852836
1.6595869074375607,-0.0000028642379342267255,3582.7503140565673,0.734724039588244
1.6982436524617444,-0.000002885872937390991,3609.9795030497644,0.7434414265500734
1.7378008287493756,-0.0000029052348690569536,3634.346201440262,0.75196470095358
1.7782794100389228,-0.0000029222971425182456,3655.8175376540194,0.7602909906729732
1.8197008586099834,-0.0000029370425859500544,3674.3724068967276,0.7799494708779349
1.8620871366628675,-0.000002949463240685655,3690.001219490317,0.7763437281311053
1.9054607179632472,-0.000002959560091560205,3702.70556408282,0.7840669779105931
1.9498445997580451,-0.0000029673427362100345,3712.4977943459594,0.7915868067189543
1.9952623149688795,-0.000002972829000602511,3719.4005482636644,0.7989027681418218
2.041737944669529,-0.000002976044508298834,3723.4462094025234,0.8060148356431446
2.0892961308540396,-0.0000029770222110294922,3724.6763196554143,0.8129233781730915
2.1379620895022318,-0.0000029758018881033452,3723.1409528781405,0.8196291351294852
2.1877616239495525,-0.0000029724296219908086,3718.8980586148336,0.8261331908983536
2.23872113856834,-0.000002966957257135833,3712.0127847515214,0.832436949165224
2.290867652767773,-0.0000029594418486771857,3702.5567874697,0.8385421072102183
2.3442288153199224,-0.0000029499451073138987,3690.6075363143477,0.8444506303464405
2.3988329190194904,-0.000002938532846049225,3676.2476215644515,0.8501647266500609
2.4547089156850306,-0.0000029252744340077486,3659.564070418452,0.8556868221484141
2.51188643150958,-0.000002910242261956391,3640.647677800765,0.8610195365580688
2.570395782768864,-0.0000028935112235849407,3619.5923568750595,0.8661656596997959
2.630267991895382,-0.000002875158216027517,3596.494513630728,0.8711281286642172
2.6915348039269156,-0.0000028552616625433425,3571.4524492032106,0.8759100058083908
2.7542287033381663,-0.0000028339010597317384,3544.5657929080758,0.8805144576546079
2.8183829312644537,-0.000002811156551139858,3515.9349683212495,0.8849447347132747
2.8840315031266055,-0.0000027871085286374605,3485.660694131108,0.889204152268436
2.951209226666386,-0.000002761837262485412,3453.843520926919,0.8932960721805375
3.0199517204020165,-0.0000027354225606162603,3420.583404576233,0.8972238856564687
3.090295432513591,-0.000002707943457277767,3385.9793163832405,0.9009909970433275
3.1622776601683795,-0.0000026794779308644227,3350.128889811372,0.9046008086176368
3.2359365692962827,-0.000002650102650477175,3313.128103196613,0.9080567063500944
3.311311214825911,-0.000002619892750507334,3275.070997571336,0.9113620466355938
3.3884415613920256,-0.0000025889216323344937,3236.0494284603815,0.9145201439673879
3.4673685045253166,-0.000002557260792059216,3196.1528502986516,0.9175342595040458
3.548133892335755,-0.0000025249796726615682,3155.4681314530176,0.920407585316843
3.630780547701014,-0.0000024921455417581747,3114.0794013376913,0.9231432528316847
3.715352290971726,-0.000002458823387074189,3072.0679196983183,0.925744300254306
3.801893963205613,-0.000002425075837127292,3029.511977525417,0.9282136781790956
3.890451449942806,-0.000002390963098771662,2986.4868190828,0.9305542392021786
3.9810717055349722,-0.0000023565429129354865,2943.064586743261,0.9327687311961345
4.073802778041127,-0.0000023218705266096737,2899.314286195176,0.9348597912416221
4.168693834703354,-0.0000022869986788425767,2855.3017692001167,0.9368299546514267
4.265795188015927,-0.000002251977603885709,2811.08973788455,0.9386815940598233
4.36515832240166,-0.0000022168550394302114,2766.737755357159,0.9404169957574361
4.466835921509632,-0.0000021816762520685165,2722.3022779786766,0.9420383042050184
4.570881896148751,-0.0000021464840692579417,2677.8366957628355,0.94354753097757
4.677351412871983,-0.0000021113189201882192,2633.3913839508546,0.9449465517858475
4.786300923226384,-0.0000020762188838899438,2589.013763671066,0.9462371038724637
4.8977881936844625,-0.0000020412197435534286,2544.7483703928756,0.94742078379591
5.011872336272724,-0.000002006355046099518,2500.6369289745676,0.9484990455503989
