1,-0.00008189095416889871,1171.7339108011545,0.5785060498687908
1.023292992280754,-0.00008317338923157157,1188.5637310627078,0.5898590192926976
1.0471285480508996,-0.00008443511630485694,1205.102163797601,0.6012196701887064
1.0715193052376064,-0.00008567245478644234,1221.3026895903574,0.6130185013450317
1.096478196143185,-0.00008688173322603983,1237.1189951269614,0.6239147780853677
1.1220184543019633,-0.0000880593135531178,1252.5052712154354,0.6352249534434072
1.1481536214968828,-0.00008920161537067789,1267.416511210283,0.6464943426239895
1.1748975549395295,-0.00009030513943177381,1281.8087985977781,0.6577113434371767
1.202264434617413,-0.00009136649316581153,1295.6396213924213,0.6688646768509189
1.2302687708123816,-0.00009238241067292005,1308.868114719519,0.679943378336131
1.2589254117941673,-0.00009334977589928815,1321.4553454699037,0.6909368624970168
1.288249551693134,-0.00009426564162788286,1333.364543196685,0.7018349344656964
1.3182567385564072,-0.00009512725109096737,1344.5613660342487,0.7126278727668108
1.3489628825916535,-0.00009593205060228807,1355.014050924007,0.7233063813828555
1.3803842646028848,-0.00009667770619012653,1364.6936171062243,0.7338616444152686
1.4125375446227544,-0.00009736211831661274,1373.5740459580043,0.744285380120596
1.4454397707459274,-0.00009798342868777328,1381.6323595239744,0.7545697910693056
1.4791083881682074,-0.00009854003070330772,1388.8487477017397,0.7647076149174397
1.5135612484362082,-0.00009903057479527243,1395.2066304985049,0.7746921221587761
1.5488166189124815,-0.00009945397110288681,1400.6926871606042,0.7845171039540612
1.5848931924611136,-0.00009980939413929078,1405.296912465309,0.7941769314497206
1.62181009735893,-0.0001000962771404131,1409.0125406430398,0.8036664686902455
1.6595869074375607,-0.0001003143120954162,1411.8360441884356,0.8129811192568681
1.6982436524617444,-0.00010046344408616915,1413.7670601294712,0.8221168044527535
1.7378008287493756,-0.00010054386451768125,1414.8083030512423,0.8310699513511473
1.7782794100389228,-0.00010055600268636889,1414.9654576191394,0.8398374783756167
1.8197008586099834,-0.00010050051586028361,1414.247052763697,0.848416778647053
1.8620871366628675,-0.00010037827805442246,1412.6643198012507,0.856805701350776
1.9054607179632472,-0.00010019036510642803,1410.231003379581,0.8650024840599553
1.9498445997580451,-0.00009993805141609089,1406.9633240968342,0.8730059138487082
1.9952623149688795,-0.00009962278140632562,1402.8796143205027,0.8808150390024239
2.041737944669529,-0.00009924616434567786,1398.0002569473006,0.8884293159469046
2.0892961308540396,-0.00009880995714077618,1392.3474687340624,0.8958485431258755
2.1379620895022318,-0.00009831604919234948,1385.9451106035967,0.9030728357107319
2.1877616239495525,-0.00009776644720014578,1378.818497460971,0.910102600006878
2.23872113856834,-0.00009716326006169416,1370.9942093203454,0.9169385077644051
2.290867652767773,-0.00009650868399656939,1362.4999053769984,0.9235814705768598
2.3442288153199224,-0.0000958049880138623,1353.3641424854977,0.9300326145321133
2.3988329190194904,-0.00009505449982627713,1343.6161993269295,0.9362932552817633
2.4547089156850306,-0.00009425959229993735,1333.2859073694835,0.9423648736601008
2.51188643150958,-0.00009342267051484935,1322.403489550576,0.9482490919793625
2.570395782768864,-0.00009254615949727303,1310.9994074378465,0.9539476511092944
2.630267991895382,-0.00009163249267214763,1299.104217463078,0.9594623884277841
2.6915348039269156,-0.0000906841010713765,1286.7484366692017,0.9647952167344952
2.7542287033381663,-0.00008970340332229634,1273.9624182673824,0.9699481041707793
2.8183829312644537,-0.00008869279643012169,1260.7762371698389,0.9749230552151819
2.8840315031266055,-0.0000876546473586177,1247.219585545138,0.9797220927885197
2.951209226666386,-0.00008659128540473625,1233.3216783365094,0.9843472414850929
3.0199517204020165,-0.00008550499535546022,1219.1111685903227,0.9888005119687769
3.090295432513591,-0.00008439801140861803,1204.6160723610953,0.9930838865189126
3.1622776601683795,-0.0000832725118339173,1189.8637028907362,0.9971993057479586
3.2359365692962827,-0.00008213061434587612,1174.8806137027505,1.0011486564675611
3.311311214825911,-0.00008097437215662373,1159.6925502060799,1.0049337606975952
3.3884415613920256,-0.00007980577067365677,1144.324409367349,1.0085563657931786
3.4673685045253166,-0.00007862672480549727,1128.8002069837387,1.0120181356788576
3.548133892335755,-0.00007743907683684728,1113.1430520721294,1.0153206432554165
3.630780547701014,-0.00007624459483309956,1097.3751278680202,1.0184653633132255
3.715352290971726,-0.00007504497153659847,1081.5176789616166,1.0214536674577512
3.801893963205613,-0.00007384182371210054,1065.59100403336,1.0242868190629864
3.890451449942806,-0.00007263669190482212,1049.6144537293023,1.0269659695944917
3.9810717055349722,-0.00007143104057196074,1033.6064331833463,1.0294921557380314
4.073802778041127,-0.00007022626364045963,1017.5844764633158,1.031866445438792
4.168693834703354,-0.00006902366470173335,1001.5649832838948,1.0340893409986436
4.265795188015927,-0.00006782448923444388,985.56364750058,1.0361616772427704
4.36515832240166,-0.00006662990487094859,969.5951945376281,1.0380840195340564
4.466835921509632,-0.00006544100395318102,953.6734144224549,1.0398566831505265
4.570881896148751,-0.00006425882229326644,937.8114123570726,1.0414802708785142
4.677351412871983,-0.00006308431879623013,922.0213351117216,1.0429549900539237
4.786300923226384,-0.00006191837589886953,906.314374441468,1.0442805749594974
4.8977881936844625,-0.00006076183861494117,890.7012917082511,1.0454575182235901
5.011872336272724,-0.000059615464783238376,875.1917461572091,1.0464853575921857
