10,-0.00040086452383297945,379.410516195196,0.5298754408459913
12.589254117941675,-0.00034554634844060836,432.59752971814623,0.5711333186362423
15.848931924611133,-0.00029897873123667037,491.370281309001,0.6099304609076408
19.952623149688797,-0.00025954763034182057,556.2693925363034,0.6457671626011846
25.118864315095795,-0.0002259740058847021,627.9156909299481,0.678315156140852
31.622776601683793,-0.00019724031828897471,707.0186807967148,0.7074101861225758
39.810717055349734,-0.0001725330527555872,794.3849286356502,0.733032323147868
50.11872336272725,-0.00015119808032211066,890.9271000286874,0.7552800868055236
63.09573444801933,-0.00013270603669297593,997.6736659700066,0.7743419266225451
79.43282347242817,-0.00011662554611192137,1115.7796466611255,0.7904685341573489
100,-0.00010260251641775844,1246.5385319057452,0.8039478988555699
125.89254117941675,-0.00009034415068518586,1391.3960032132916,0.8150848248258571
158.48931924611142,-0.00007960651179719883,1551.964676924801,0.8241838273164711
199.52623149688807,-0.00007018491300731021,1730.0413528308284,0.8315372341887417
251.18864315095823,-0.00006190640863083308,1927.6260785255722,0.837416673788375
316.22776601683825,-0.00005462392364079509,2146.943628596122,0.8420679329780006
398.1071705534973,-0.000048211638382850715,2390.4676066281813,0.8457084651467605
501.18723362727246,-0.00004256133893223198,2660.9474583462425,0.8485269284989947
630.957344480193,-0.00003757951173924103,2961.4387111175997,0.8506841776224758
794.3282347242813,-0.0000331850133289501,3295.3367815206657,0.8523152931811909
1000,-0.00002930718590023186,3666.4147383667364,0.8535320301977913
1258.9254117941675,-0.000025884319970387667,4078.865430863007,0.854425744759222
1584.893192461114,-0.00002286238879272676,4537.348452710629,0.855070183066809
1995.262314968881,-0.00002019399696339228,5047.042459313978,0.8555242329443569
2511.886431509582,-0.00001783749919701904,5613.703414668696,0.855834424790107
3162.2776601683827,-0.00001575625553599039,6243.729410877719,0.8560371617912357
3981.0717055349733,-0.000013917997046236116,6944.232780490862,0.8561606519040463
5011.872336272725,-0.000012294281907054054,7723.12029785489,0.856226559678493
6309.573444801937,-0.000010860026279431174,8589.182381626779,0.8562513562827265
7943.282347242822,-0.000009593097586604365,9552.192268032533,0.8562474558346385
10000,-0.000008473960478270961,10623.016294158844,0.8562241224540555
